start,end,hunk,insns,link,ncalls,ncallers,strings
010018,01032c,0,206,1,34,1,
01032c,010346,0,8,1,2,1,
010346,0103f6,0,52,1,4,1,Cars.Txt
010402,01042e,0,19,1,0,2,
01042e,01044c,0,7,1,0,1,
01044c,010462,0,6,1,0,1,
010462,010588,0,83,1,7,15,
010588,010626,0,45,1,6,1,TEST DRIVE:
010632,01063a,0,3,1,0,0,
01063a,010692,0,23,1,2,6,
010692,0106be,0,13,1,0,2,
0106be,0107b4,0,69,1,4,1,
0107b4,01086e,0,68,1,1,2,
01086e,010906,0,52,1,1,1,
010906,0109d0,0,63,1,3,1,
0109d0,010a82,0,63,1,1,3,
010aa2,010b22,0,41,0,0,1,
010b22,010ba8,0,43,1,2,1,
010ba8,010bdc,0,14,1,1,3,
010bdc,010c28,0,22,1,0,1,
010c28,010c3e,0,8,1,0,0,
010c3e,010c5a,0,8,1,0,1,
010c5a,010cec,0,47,1,2,6,
010cec,010cf4,0,3,1,0,1,
010cf4,010d04,0,5,1,0,0,
010d04,010d14,0,5,1,0,0,
010d14,010d3c,0,9,0,1,6,
010d3c,010d44,0,2,0,0,0,
010d44,010d66,0,12,0,0,11,
010d66,010d72,0,3,0,0,0,
010d72,010dbe,0,24,0,1,2,
010dbe,010e12,0,26,0,1,2,
010e12,010e1c,0,3,0,0,6,
010e1c,010e26,0,3,0,0,9,
010e26,010e3a,0,6,0,0,10,
010e3a,010e58,0,9,0,1,4,
010e58,010e78,0,9,0,1,3,
010e78,010e88,0,5,0,1,9,
010e88,010f92,0,66,0,2,3,
010fa4,010fbc,0,8,0,1,8,
010fbc,010fda,0,7,0,0,3,
010fda,0110b4,0,67,0,0,2,
0110c4,0111dc,0,70,0,2,13,
0111e6,0112da,0,61,0,2,2,
0112e4,011422,0,93,0,0,2,
011432,011546,0,71,0,2,4,
011554,01157c,0,13,1,1,1,intuition.library | graphics.library
0115a0,0115bc,0,9,1,1,1,
0115bc,011756,0,109,1,9,1,
011756,0117e8,0,43,1,5,1,
0117e8,01180e,0,13,1,2,3,
01180e,01184e,0,17,1,1,1,Ticks VBLInt
01185c,011872,0,7,1,1,1,
011954,0119a8,0,26,0,7,1,
0119a8,0119b6,0,4,0,0,3,
0119b6,0119d0,0,8,0,0,1,
0119d0,0119d8,0,3,0,0,1,
0119d8,0119f0,0,7,0,5,1,
0119f0,011a0a,0,9,0,0,1,
011a0a,011a70,0,30,0,10,1,
011a70,011a7e,0,4,0,0,1,
011a7e,011a86,0,3,0,0,1,
011abe,011b08,0,25,0,0,1,dos.library
011b08,011b2e,0,11,0,1,1,trackdisk.device
011b2e,011b50,0,11,0,0,1,
011b50,011b5a,0,3,0,0,1,
011b5a,011b66,0,4,0,1,1,
011b66,011b70,0,3,0,1,1,
011b70,011b76,0,2,0,0,1,
011b7c,011b86,0,4,0,0,1,
011b98,011b9e,0,2,0,0,1,
011b9e,011ba2,0,2,0,0,1,
011ba2,011bee,0,21,0,0,1,
011bee,011c24,0,14,0,0,1,disk.resource | 1|@
011c2c,011c6a,0,17,0,2,1,
011c6a,011c78,0,5,0,0,2,
011c78,011c9a,0,7,0,0,1,
011c9a,011c9e,0,1,0,0,1,
011c9e,011cbc,0,12,0,0,1,
011cbc,011cd6,0,4,0,0,2,
011cd6,011d10,0,17,0,3,1,
011d10,011d1e,0,4,0,0,1,
011d3a,011d8e,0,32,0,0,1,
011d8e,011db0,0,11,0,1,1,
011db0,011dd4,0,14,0,0,2,
011e08,011e1c,0,6,1,1,0,
011e1c,011e30,0,6,1,1,0,
011e30,011e40,0,5,1,1,0,
011e40,011e50,0,5,1,1,0,
011e50,011e60,0,5,1,1,0,
011e60,011e74,0,6,1,1,0,
011e74,011e86,0,6,1,1,0,
011e86,011e96,0,5,1,1,0,
011e96,011ea6,0,5,1,1,0,
011ea6,011eb6,0,5,1,1,0,
011f52,011f94,0,27,0,0,1,
011f94,011fd6,0,31,0,0,1,
011fd6,01200e,0,24,0,0,1,
01200e,012056,0,24,0,0,1,
012056,01205e,0,4,0,0,4,
01205e,012066,0,4,0,0,2,
012066,012108,0,47,0,0,1,
012108,012146,0,21,0,0,3,
012146,01216c,0,13,0,0,2,
012224,01224c,0,15,0,0,1,
012304,0123e0,0,49,1,2,1,Sfx VBLInt
0123ec,012432,0,18,1,3,1,
012432,01246a,0,16,1,0,4,
01246a,0124c4,0,28,1,2,4,
0124c4,01252a,0,27,1,2,2,
01252a,012546,0,12,1,1,3,
012546,01258e,0,19,0,0,3,
01258e,0125a6,0,8,0,0,3,
0125a6,0125f4,0,19,0,0,2,
0125f4,012612,0,8,0,0,3,
01278c,0127e8,0,24,1,2,1,Song VBLInt
0127f4,012826,0,15,1,4,1,
012826,0128f4,0,67,1,2,1,songs/%s
0128fe,012942,0,25,1,1,2,
012942,01295e,0,9,1,0,4,
01295e,012972,0,7,1,0,1,
012972,01299c,0,13,0,2,1,
01299c,0129ba,0,9,0,1,3,
0129ba,012a40,0,37,0,0,1,
012a40,012a54,0,7,0,0,1,
012cf4,012da4,0,52,1,9,5,songs/%s
012db0,012dfc,0,25,1,7,4,
012e12,012e36,0,10,1,1,1,TestDrive.Iff.Sng
012e58,012e7c,0,10,1,1,1,Test2.Iff.Sng
012e8a,012eae,0,10,1,1,1,TestGas.Iff.Sng
012ebe,012ee2,0,10,1,1,1,EndSuccess.Iff.Sng
012ef6,012f1a,0,10,1,1,0,Loser.Iff.Sng
012f28,012ff0,0,56,1,9,1,
012ff0,013028,0,22,1,0,2,
013028,01312c,0,86,1,5,1,HighScores | %ld
01313e,01322e,0,70,1,8,1,"HighScores | %s
%ld
%s
 | %04x
"
013250,0132da,0,40,1,7,1,topaz.font
0132e6,013306,0,10,1,2,1,
013306,013330,0,15,1,2,4,
013330,013354,0,12,1,1,4,
013354,01336e,0,9,1,1,2,
01336e,01343a,0,65,1,4,1,
01343a,0134f2,0,57,1,4,1,
0134f2,0135b4,0,60,1,4,1,
0135b4,013708,0,96,1,7,1,
013708,01394e,0,185,1,17,1,%slogo | You have qualified as one | of Test Drive's best drivers. | Enter your name:
013a9e,013bd8,0,104,1,15,1,
013bd8,013e4c,0,192,1,19,1,Test Drive Top Scores | %7ld  %s | %7ld  %s | Your Score : %ld
013e86,013f26,0,45,1,11,1,%slogo.Shp
013f32,014060,0,87,1,9,2,%sLogo.Pal
01406e,014088,0,8,1,1,2,
014088,0140b8,0,18,0,0,1,
01433a,01436e,0,17,1,4,2,
01436e,014388,0,8,1,1,2,
014388,01444c,0,61,1,8,1,
01444c,0146e6,0,190,1,9,1,                                                      | Your average speed was %ld and it took | you %2d minutes and %02d seconds. | you %2d minute and %02d seconds. | you %2d seconds. | That kind of 
0147e4,014970,0,114,1,20,1,%sgas | pics/gas.shp | don johnkevntony
014984,0149d2,0,23,1,6,2,
0149d2,0149e8,0,7,1,1,11,
0149e8,0149fe,0,7,1,1,8,
0149fe,014c8c,0,182,1,11,2,
014c8c,014c9c,0,5,1,0,2,
014c9c,014cea,0,20,1,1,1,
014d64,014dc6,0,33,1,1,0,
014dc6,014de0,0,10,1,1,1,
014de0,014e6c,0,52,1,1,0,
014e6c,014ed4,0,42,1,1,1,
014ed6,014ef2,0,10,0,0,4,
014ef2,014f0e,0,8,0,0,1,
014f0e,01506c,0,117,1,5,0,
01506c,015192,0,101,1,1,1,
015192,0151d6,0,18,1,1,1,
0151d6,0151f2,0,9,1,1,1,
0151f2,015208,0,7,1,1,0,
015208,01521e,0,7,1,1,0,
01521e,01530e,0,69,1,9,2,
01530e,015344,0,12,0,0,6,
015344,0153cc,0,55,1,0,2,
0153cc,0153e4,0,6,1,0,1,
0153e4,0153ec,0,3,0,1,12,
0153ec,0153f4,0,3,0,1,4,
015402,015416,0,5,0,0,1,
015416,01543e,0,11,0,0,1,
01544e,015472,0,11,1,1,14,
015472,015490,0,9,1,1,12,
015490,0154e4,0,35,0,0,1,
0154e4,0155a8,0,54,1,5,1,input.device | console.device
0155c4,015628,0,29,1,5,1,
015628,01563a,0,7,1,2,2,
01563a,015694,0,25,1,1,2,
0156ec,0156f8,0,5,0,0,4,
0156f8,01574e,0,28,0,4,2,
01574e,01580c,0,58,1,2,11,
01580c,01582c,0,11,1,2,4,
01582c,01587c,0,29,1,1,3,
01587c,015904,0,44,1,1,1,
015904,01591a,0,7,1,1,9,
01591a,015930,0,7,1,1,5,
015930,0159fa,0,49,1,1,4,
0159fa,015b3e,0,85,1,2,30,
015b3e,015c60,0,73,1,1,1,
015c60,015ca6,0,20,1,0,0,
015ce8,015cfc,0,7,0,1,0,
015cfc,015d0a,0,5,0,0,1,
015d1c,015d34,0,8,0,0,1,
015d4c,015d72,0,10,1,1,4,
015d72,015dbc,0,25,1,0,0,
015dbc,0160e0,0,264,1,3,1,ABCDEFabcdef9876543210
0160e0,01611a,0,21,1,0,1,
01611a,01620c,0,83,1,2,1,
01620c,016236,0,16,1,2,1,
016236,0162a8,0,37,1,3,1,
0162a8,0162ca,0,9,1,1,1,
0162ca,0162e0,0,7,1,1,0,
0162e0,016396,0,64,0,0,1,
016396,0163b0,0,11,0,0,2,
0163b0,0163ee,0,19,0,1,0,
016422,01642a,0,2,0,0,1,
01642a,016564,0,89,1,13,0,
016566,01670a,0,156,1,5,1,
01670c,01671a,0,4,0,0,1,
01672e,016746,0,8,1,1,0,
016746,016884,0,107,1,11,2,dos.library
01698c,0169b0,0,13,0,0,1,
0169b0,0169b6,0,2,0,0,2,
0169e0,0169f0,0,6,0,0,2,
0169f0,016a14,0,16,0,0,2,
016a14,016ab2,0,52,1,6,1,icon.library | WINDOW
016ac8,016af8,0,15,1,1,12,
016af8,016b14,0,9,1,0,0,
016b14,016b30,0,8,1,1,0,
016b30,016bbe,0,48,1,2,1,0123456789abcdef
016bbe,016ed8,0,261,1,2,3,
016ed8,016f00,0,17,0,1,6,
016f1a,016f26,0,6,0,1,1,
016f26,016f30,0,5,0,1,1,
016f30,016f80,0,36,0,0,3,
016f80,016f92,0,8,0,0,8,
016f92,016fa8,0,7,1,1,0,
016fa8,016fea,0,22,1,2,2,
016fea,017026,0,22,1,1,1,
017026,01704e,0,15,1,1,0,
01704e,0170d4,0,44,1,4,3,
0170d4,0171b6,0,69,1,2,3,
0171b6,0171ee,0,20,1,0,1,
0171ee,01724c,0,27,1,2,1,
01724c,01727e,0,18,1,1,0,
01727e,0172be,0,23,1,1,1,
0172be,0172d2,0,8,1,1,1,
0172d2,01731e,0,30,1,1,1,
01731e,017376,0,30,1,1,1,
017376,01739a,0,13,1,2,1,
01739a,017418,0,41,1,3,1,
017418,017448,0,16,1,2,3,
017448,017470,0,12,1,3,1,"^C
"
017474,017492,0,10,1,1,2,
017492,017526,0,48,1,3,1,
017580,0175ce,0,27,1,1,2,
0175ce,0175d2,0,1,0,0,2,
0175d2,0175de,0,3,0,0,2,
0175de,0175ea,0,3,0,0,1,
0175ea,0175f6,0,3,0,0,17,
0175f6,017602,0,3,0,0,2,
017602,017614,0,4,0,0,2,
017614,01761c,0,2,0,0,1,
01761c,017624,0,2,0,0,3,
017624,017630,0,3,0,0,1,
017630,017634,0,1,0,0,2,
017634,017642,0,3,0,0,1,
017642,017646,0,1,0,0,2,
017646,017654,0,3,0,0,3,
017654,01765c,0,2,0,0,2,
01765c,01766e,0,4,0,0,2,
01766e,01767c,0,3,0,0,1,
01767c,017680,0,1,0,0,2,
017680,01768c,0,3,0,0,1,
01768c,01769a,0,3,0,0,3,
01769a,0176a8,0,3,0,0,3,
0176a8,0176c0,0,6,0,0,1,
0176c0,0176cc,0,3,0,0,1,
0176cc,0176d0,0,1,0,0,2,
0176d0,0176dc,0,3,0,0,2,
0176dc,0176ee,0,4,0,0,1,
0176ee,01777a,0,44,1,6,1,
01777a,0177c0,0,22,1,3,1,
0177c0,0177cc,0,3,0,0,1,
0177cc,0177d8,0,3,0,0,1,
0177d8,0177ee,0,7,1,1,1,
0177ee,017800,0,6,1,1,1,
017800,017844,0,22,1,1,2,
017844,017880,0,18,1,1,2,
017880,017884,0,1,0,0,8,
017884,017892,0,3,0,0,3,
017892,0178aa,0,6,0,0,2,
0178aa,0178c0,0,6,0,0,2,
0178c0,0178c4,0,1,0,0,3,
0178c4,0178d0,0,3,0,0,1,
0178d0,0178d4,0,1,0,0,3,
0178d4,0178dc,0,2,0,0,0,
0178dc,0178e0,0,1,0,0,3,
0178e0,0178f0,0,4,0,0,3,
0178f0,0178fc,0,3,0,0,2,
0178fc,017908,0,3,0,0,1,
017908,01791a,0,6,0,0,1,
01791a,017930,0,5,0,0,1,
017930,017934,0,1,0,0,1,
017934,017944,0,4,0,0,2,
017944,01794c,0,2,0,0,3,
01794c,01795a,0,3,0,0,3,
01795a,017966,0,3,0,0,1,
017966,017972,0,3,0,0,1,
017972,01797e,0,3,0,0,0,
01797e,01798c,0,3,0,0,1,
01798c,01799c,0,4,0,0,1,
01799c,0179a8,0,3,0,0,1,
0179a8,0179ca,0,8,0,0,1,
0179ca,0179dc,0,4,0,0,1,
0179dc,0179e8,0,3,0,0,7,
0179e8,0179f4,0,3,0,0,1,
0179f4,017a06,0,4,0,0,5,
017a06,017a18,0,4,0,0,5,
017a18,017a20,0,2,0,0,10,
017a20,017a32,0,4,0,0,3,
017a32,017a3e,0,3,0,0,2,
017a3e,017a4a,0,3,0,0,1,
017a4a,017a56,0,3,0,0,7,
017a56,017a62,0,3,0,0,2,
017a62,017a74,0,4,0,0,4,
017a74,017a80,0,3,0,0,7,
017a80,017a8c,0,3,0,0,1,
017a8c,017a98,0,3,0,0,2,
017a98,017aaa,0,4,0,0,10,
017aaa,017ab6,0,3,0,0,1,
017ab6,017ac4,0,3,0,0,13,
017ac4,017ad6,0,4,0,0,10,
017ad6,017ae2,0,3,0,0,13,
017ae2,017aee,0,3,0,0,1,
017aee,017af6,0,2,0,0,10,
017af6,017b08,0,4,0,0,3,
017b08,017b24,0,7,0,0,2,
017b24,017b34,0,4,0,0,10,
017b34,017b44,0,4,0,0,3,
017b44,017b54,0,4,0,0,5,
017b54,017b64,0,4,0,0,1,
017b64,017b7e,0,8,0,0,5,
017b7e,017b92,0,5,0,0,1,
017b92,017b9a,0,2,0,0,2,
017b9a,017ba2,0,2,0,0,25,
017ba2,017bb0,0,3,0,0,1,
017bb0,017bbc,0,3,0,0,1,
017bbc,017bc8,0,3,0,0,1,
017bc8,017bd4,0,3,0,0,1,
017bd4,017bdc,0,2,0,0,1,
017bdc,017bf0,0,4,0,0,1,
017bf0,017c0a,0,7,0,0,1,
01aed0,01b262,3,264,1,21,1,pics/TitleCar.Shp | sfx/Accolade | pics/Title2 | pics/Title4 | sfx/Starter | pics/Title3
01b2b2,01b396,3,60,1,11,1,
01b396,01b62e,3,172,1,14,1,
01b62e,01b8e6,3,192,1,21,1,
01b8e6,01ba7c,3,113,1,13,1,
01ba7c,01bc64,3,129,1,10,1,
01bc64,01bd14,3,51,1,5,1,
01bd14,01bd9c,3,43,1,1,2,
01bd9c,01bdca,3,15,1,2,1,
01bdca,01bf34,3,109,1,10,1,%s.ST | %s.SB
01bf40,01bf8e,3,20,1,1,1,
01bf8e,01c068,3,61,1,3,1,
01c068,01c15c,3,75,1,3,1,
01c15c,01c190,3,15,1,0,1,
01c190,01c22a,3,45,1,2,1,
01c22a,01c244,3,9,1,1,2,
01c244,01c60c,3,269,1,25,1,%s.ST.Shp | %s.SS | sfx/Starter | %d %d
01c62e,01c682,3,23,1,1,23,
01c682,01c700,3,33,1,4,0,
01c700,01c76a,3,28,1,4,1,
01c76a,01c7cc,3,27,1,4,0,
01c7cc,01c820,3,23,1,4,1,
01c83c,01c8ea,3,45,1,2,1,TDScroller
01c900,01ccf6,4,271,1,37,1,
01ccf6,01cd72,4,35,1,0,1,
01cd72,01cf76,4,146,1,1,1,
01cf76,01d260,4,217,1,24,1,pics/EndGame | pics/EndGame.Shp
01d27e,01d2c2,4,24,0,0,1,
01d2c2,01d306,4,24,0,0,2,
01d306,01d31a,4,8,0,0,3,
01d31a,01d32a,4,8,0,0,4,
01d32a,01d36c,4,22,0,0,3,
01d36c,01d392,4,10,0,1,1,
01d392,01d484,4,66,1,8,2,
01d484,01d520,4,43,1,7,0,Pulling into the gas station... | Pulling into the dealership...
01d560,01d5c8,4,27,1,2,1,
01d5c8,01d942,4,285,1,16,1,Play again with the same car |       Select a new car      
01d97c,01d9c6,4,21,0,2,2,
01d9c6,01d9cc,4,2,0,0,1,
01d9cc,01da14,4,20,0,14,1,
01da14,01da72,4,22,0,5,1,
01da72,01daa2,4,14,0,0,1,
01daa2,01daf6,4,23,0,3,1,
01daf6,01db36,4,16,0,1,1,
01db36,01dc2e,4,74,0,1,1,
01dc2e,01dcdc,4,58,0,1,1,
01dcdc,01dd10,4,17,0,0,1,
01dd34,01dd56,4,10,0,0,1,
01dd56,01dd96,4,21,0,1,1,
01dd96,01ddea,4,29,0,1,1,
01ddea,01e062,4,191,0,0,1,
01e062,01e078,4,6,0,0,1,
01e078,01e08e,4,6,0,0,1,
01e08e,01e0a4,4,6,0,0,1,
01e0a4,01e0b8,4,6,0,0,1,
01e0b8,01e0cc,4,6,0,0,1,
01e0cc,01e19e,4,63,0,1,1,
01e19e,01e216,4,35,0,1,1,
01e216,01e230,4,8,0,1,1,
01e230,01e276,4,23,0,1,1,
01e276,01e2b0,4,18,0,1,1,
01e2b0,01e2f8,4,24,0,1,1,
01e2f8,01e314,4,9,0,1,1,
01e314,01e45a,4,93,0,23,2,
01e53a,01e5c6,4,38,0,4,1,
01e5c6,01e63a,4,29,0,0,1,
01e63a,01e65c,4,9,0,2,1,
01e65c,01e6a6,4,19,0,2,1,
01e6a6,01e720,4,39,0,2,1,
01e720,01e73a,4,7,0,1,1,
01e73a,01e758,4,10,0,0,1,
01e758,01e784,4,13,0,3,1,
01e784,01e7ca,4,21,0,2,1,
01e7d2,01e89a,4,57,0,2,1,
01eae0,01eb5e,4,33,0,1,1,
01eb5e,01eb78,4,9,0,0,1,
01eb78,01eba8,4,9,0,0,1,
01eba8,01ebc4,4,10,0,0,1,
01ebc4,01ec1a,4,22,0,5,2,
01ec1a,01ec94,4,34,0,0,1,
01ec94,01ed06,4,31,0,3,1,
01ed06,01ed64,4,30,0,2,1,
01ed64,01ed8a,4,12,0,2,1,
01ed8a,01edae,4,8,0,0,3,
01edae,01edce,4,10,0,0,1,
01edce,01ee76,4,45,1,0,2,
01ee76,01ef14,4,45,1,0,0,
01ef14,01ef76,4,28,1,2,1,
01ef76,01ef90,4,9,1,0,2,
01ef90,01efd4,4,24,1,0,2,
01efd4,01f05a,4,41,1,4,1,
01f05a,01f0dc,4,40,1,2,6,
01f0dc,01f12c,4,25,1,1,1,
01f12c,01f27e,4,95,1,0,2,
01f27e,01f2ea,4,36,1,1,1,
01f2ea,01f582,4,210,1,4,1,
01f582,01f5ba,4,17,1,1,1,
01f5ba,01f99a,4,284,1,7,2,
01f99a,01f9fe,4,29,1,2,1,
01f9fe,01fad4,4,62,1,1,0,
01fad4,01fb4a,4,38,1,4,2,
01fb4a,01fbd8,4,46,1,3,3,
01fbd8,01fdf4,4,171,1,9,1,
01fdf4,01fe38,4,20,1,7,2,
01fe38,01fe54,4,9,1,0,1,
01fe54,01feae,4,33,1,1,1,
01feae,020096,4,145,1,9,2,
020096,020128,4,48,0,1,2,
020128,0202a8,4,119,0,1,1,
0202a8,02031c,4,41,0,1,1,
02031c,02034e,4,14,0,2,1,
02034e,0203e0,4,42,0,4,1,
0203e0,020410,4,14,0,2,1,
020410,020456,4,19,0,0,8,
020456,020526,4,61,0,8,1,
020526,020546,4,9,0,3,1,
020546,020562,4,8,0,3,1,
020562,020580,4,9,0,3,1,
020580,0205a6,4,12,0,3,1,
0205a6,0205bc,4,7,0,0,3,
0205bc,0205ce,4,6,0,0,5,
0205ce,0206e8,4,78,0,5,1,
0206e8,020740,4,25,0,3,1,
020740,02076c,4,12,0,3,1,
02076c,020780,4,7,0,0,4,
020780,0207a4,4,12,0,0,1,
0207a4,020826,4,36,0,2,1,
020826,02090c,4,70,0,3,1,
02090c,020940,4,15,0,1,1,
02097c,020a88,4,77,0,10,1,
020a88,020af4,4,37,0,1,1,
020af4,020cb0,4,121,0,4,2,
020cb0,020d5e,4,50,0,4,1,
020d68,020e70,4,54,0,0,1,
020e70,020ee0,4,33,0,0,1,bbbbbbbbbbbbbbbbbbbbbbbbbbbbbbbbbbbbbbbb | bbbbbbbbbbbbbbbbbbbbbbbbbbbbbbbbbbbbbbbb | bbbbbbbbbbbbbbbbbbbbbbbbbbbbbbbbbbbbbbbb | bbbbbbbbbbbbbbbbbbbbbbbbbbbbbbbbbbbbbbbb | bbbbbbbbbbbbbbbbbbbbbbbbbbbb
0246fa,02472a,4,16,0,1,1,
02472a,0247b2,4,45,0,2,1,
0247b2,02481c,4,32,0,5,1,
02481c,02484c,4,19,0,0,1,
02484c,024924,4,72,0,5,1,
024924,024984,4,27,0,2,1,
02498e,0249cc,4,25,0,1,1,
0249cc,024a02,4,17,0,0,1,
024a02,024a04,4,1,0,0,1,
024a04,024a98,4,42,0,3,1,
024aa8,024aca,4,11,0,0,1,
024aca,024cae,4,136,1,20,1,Loading Game... | Pics/Road.Shp | %s.b | %sDash.Shp | %sDash
024ce4,024d68,4,39,1,5,1,
024d68,024d8a,4,11,1,2,5,
024d8a,024e52,4,58,1,6,1,
024e52,024e94,4,20,1,3,1,
024e94,024f2e,4,39,1,3,1,Road Drawer
024f3a,024f96,4,28,1,6,2,
024faa,0253e6,4,308,1,2,2,
0253e6,025740,4,244,1,6,2,
025740,0259d8,4,188,1,2,1,
0259d8,02627c,4,630,1,2,1,
02627c,026b7a,4,646,1,2,1,
026b7a,026bc8,4,23,1,1,1,sfx/Radar | sfx/TheEngine | sfx/TheTurbo | sfx/Squeal | sfx/Bump
026c02,026c50,4,23,1,1,1,
026c50,026c70,4,10,0,1,1,
026c70,026d16,4,48,1,4,1,
026d16,026d4e,4,18,1,1,1,
026d4e,026e26,4,66,0,4,1,
026e26,026e7e,4,25,0,1,1,
026ee2,026f1a,4,19,0,2,1,
