start,end,insns,n_callers,n_calls,ints,ports,strings
0010,023e,202,1,27,,,"herc | tdsnd.snd | sng1 | sng2 | sng4 | sng3 | xroada.cmp |  BACK TO DOS (Y or other key) ? "
023e,02ba,45,1,4,,,"CARS.TXT"
02ba,0375,64,1,5,,," Play again with the same car  |        Select a new car       "
0375,03ef,47,1,8,,,"ACCOLADE.CMP | TESTDRV.CMP"
03ef,0516,109,1,8,,,"acc  | pres | copy | bull"
0516,078d,217,1,11,,,"frm1frm2frm3frm4frm5 | rrm1rrm2rrm3rrm4rrm5 | car "
078d,0987,188,1,11,,,"tdrv | fob  | tmar | CTRL - (J)OYSTICK OR CTRL - (K)EYBOARD"
0987,0aad,103,1,9,,,""
0aad,0d3f,266,1,10,,,"%ssb.cmp | car  | stat | name"
0d3f,0fca,231,1,16,,,"%s.ss | Animation file open error | %d %d
"
0fca,0ffa,20,1,2,,,""
0ffa,11fd,192,1,19,,,"xroadb.cmp | %s.cmp | %s.bin"
11fd,127b,52,1,2,,,""
127b,1309,54,1,5,,,""
1309,1422,112,1,7,,,"SCORES | %20c%20c%ld | SCORE file open error"
1422,15ce,177,1,13,,,"       Select a new car        | llogo.cmp | You have qualified as one | of Test Drive's best drivers. | Enter your name:"
15ce,1677,72,1,6,,,"SCORES | %-20.20s%-20.20s%ld
 | SCORE file save error"
1677,180e,166,1,11,,,"TEST DRIVE'S BEST | slogo.cmp | %7ld  %-20.20s | %7ld  %-20.20s | CTRL - (J)OYSTICK OR CTRL - (K)EYBOARD | Your Score : %ld"
180e,1933,128,1,5,,,"herc |  Created by:  |  Design and Programming  |  Art:  |  Sound and Music:  | Distinctive Software Inc. | Vancouver B.C. | Don Mattrick | Mike Benna | Kevin P"
1933,1ad6,155,1,13,,,"gas.cmp | gcar | gas "
1ad6,1c9a,172,1,8,,,"you %2d minutes and %02d seconds. | you %2d minute and %02d seconds. | you %2d seconds. | That kind of time is worth | %ld points. | Press key or joystick butto"
1c9a,1cc0,16,1,1,,,""
1cc0,1d54,57,1,6,,,""
1d60,1ecc,132,1,27,0x21,,""
1ecc,1ef9,11,1,0,,,""
1ef9,1f11,10,3,1,,,""
1f11,1f91,39,1,0,,,""
1f91,1fd2,24,1,0,,,""
1fd2,2370,307,1,4,,,""
2370,239f,22,1,0,,,"Animation file open error"
239f,23f6,45,1,1,,,""
23f6,27aa,317,1,4,,,""
27aa,27d9,22,1,0,,,""
27d9,2843,53,1,1,,,""
2843,2d58,479,2,3,,,""
2d58,2df1,56,1,1,,,""
2df2,2e5c,46,1,0,,,""
2e5c,2ee1,58,2,0,,,""
2ee1,3259,318,2,3,,,""
3259,32ef,54,1,1,,,""
32ef,3365,50,1,0,,,""
3365,33fb,64,2,0,,,""
33fb,3478,46,3,5,,," Pulling into the dealership... "
3478,3524,57,1,6,,,""
3524,3818,285,1,14,,,""
3818,3836,12,1,1,,,""
3836,3875,20,1,7,,,""
3875,392a,86,1,9,,,""
392a,3957,20,2,0,,,""
3957,3976,15,2,0,,,""
3976,3a01,79,2,0,,,""
3a01,3a0d,6,3,1,,,""
3a0d,3a36,10,4,1,,,""
3a36,3a50,12,3,2,,,""
46ca,4853,141,1,4,0x21,,"0   1   2   3   4   5   6   7   8   9   spdotach"
4853,4857,2,1,0,,,""
4857,4ad8,253,3,0,,,""
4ad8,4af7,15,12,0,,,""
4af7,4b0d,10,6,0,,,""
4b0e,4bc2,72,0,0,,,""
4bda,4c0c,22,1,1,0x10,,"herc"
4c0c,4c2f,15,3,0,,,""
4c30,4c4d,13,0,0,,,""
4c4e,4d2e,87,1,0,,,""
4df6,4e53,37,8,0,,,""
4e53,4e7d,18,2,1,0x10,,"herc"
4e7d,4ea5,19,18,0,,,""
4ea5,58f3,1271,4,2,,,""
58f8,5a2a,85,3,2,0x16,,""
5a30,5a53,15,1,0,,,""
5a54,5a71,13,5,0,,,""
5a72,5b52,87,3,0,,,""
5c55,5cd0,55,9,1,0x20,,""
5cd0,5cdb,6,4,1,,,""
5cdb,5ce5,3,3,0,,,""
5e2c,5e3d,10,3,0,0x16,,""
5e3d,5e7f,30,3,0,,0x21, al 0x40, al 0x61, al al, 0x21 al, 0x61,""
5e7f,5e90,5,1,0,,,""
5e91,5ea8,6,2,0,,,""
5ea9,5f12,41,0,0,,0x21, al 0x40, al 0x43, al 0x61, al al, 0x21 al, 0x61,""
612e,614e,14,5,2,,,""
614e,6178,18,0,3,,,""
6178,6189,8,10,0,,,""
6189,61ac,15,3,0,,,""
61ad,61ca,13,0,0,,,""
61cb,6242,49,13,0,,,""
62dc,62ed,8,0,0,,,""
62ed,6338,33,7,0,,,""
634c,63fe,69,4,0,,,""
63fe,641b,13,1,2,,,""
641b,642e,9,2,1,,,""
642e,643f,8,13,1,,,""
643f,6599,150,1,3,0x20 0x21,,"%s FILE ERROR\n"
6599,65d1,25,3,1,,,""
65d1,65f4,15,2,0,,,""
65f5,6612,13,0,0,,,""
6613,6690,52,2,0,,,""
6717,673a,15,1,0,,,""
673b,6758,13,0,0,,,""
6759,67d5,52,2,0,,,""
6865,6888,15,1,0,,,""
6889,68a6,13,0,0,,,""
68a7,6923,52,1,0,,,""
69aa,69cd,15,0,0,,,""
69ce,69eb,13,0,0,,,""
69ec,6acc,87,0,0,,,""
6b94,6bb7,15,3,0,,,""
6bb8,6bd5,13,0,0,,,""
6bd6,6cb6,87,0,0,,,""
6d97,7091,288,3,0,,,""
7091,7097,2,4,0,,,""
70a9,70af,2,1,0,,,""
70af,70df,18,2,0,,,""
70df,70fc,12,5,0,,,""
70fc,7285,169,6,4,0x21,,"%s FILE ERROR"
7285,72a5,16,1,0,0x21,,""
72a5,72b0,6,1,0,,,""
72b0,731f,45,1,0,,,""
731f,733c,11,1,0,,,""
733c,735f,15,0,0,,,""
7360,737d,13,1,0,,,""
737e,73ea,44,0,0,,,""
73ea,753b,146,1,2,0x21,,""
753b,755b,16,1,0,0x21,,""
755b,7587,22,1,0,0x21,,""
7587,75d7,37,1,0,0x10,dx, al,"herc"
75d7,7627,37,1,0,0x10,dx, al,"herc"
7627,764b,18,2,0,,,""
7662,77fc,73,2,0,0x11 0x21,,"CTRL - (J)OYSTICK OR CTRL - (K)EYBOARD"
7a6a,7c6d,186,1,4,,,""
7c6d,7c89,12,11,4,,,""
7c89,7cc9,26,3,1,,,""
7cc9,7cf2,18,9,2,,,""
7cf2,7d72,50,1,1,,,""
7d72,7d9b,16,9,1,,,""
7d9b,7db6,12,1,0,,,""
7db6,7f8e,200,0,15,,," to move the joystick position indicator  |  below, to all squares  |  Press joystick button when complete "
7f8e,7f92,2,3,0,,,""
7f92,7fa6,11,4,0,,,""
8006,8023,13,1,1,,,""
8023,8174,116,1,0,,al, dx dx, al,"CTRL - (J)OYSTICK OR CTRL - (K)EYBOARD"
8174,81b2,31,2,0,,,""
81b2,8234,53,2,1,,,"OUT OF MEMORY LOADING %s\n"
8234,8272,28,1,1,,,"OUT OF MEMORY BUFFERS | OUT OF BUFFER MEMORY"
8272,82ab,25,1,1,,,"BUFFER NOT FOUND RELEASE ERROR"
82ab,82bf,7,1,0,,,""
82bf,82d3,7,1,0,,,""
82d3,83cd,100,0,8,,,"MBOT=%4.4x LOW=%4.4x HIGH=%4.4x MTOP=%4.4x | %-12.12s  %4.4x  %4.4x |  %4.4x  %4.4x"
83cd,83d7,3,1,0,,,""
83d7,83ec,11,1,2,,,""
83ec,8400,8,2,0,0x21,,""
8400,84aa,71,0,8,0x20 0x21,,""
84aa,854d,71,4,7,,,""
854d,85a5,42,3,1,,,""
85a5,85cb,19,4,2,,,""
85cb,8602,26,1,3,,,""
8602,8616,10,1,1,,,""
8616,8624,7,1,0,,,""
8624,866a,33,2,2,,,""
866a,87bb,128,2,1,0x21,,"herc"
87bb,87f1,27,1,3,,,""
87f1,8802,7,0,0,,,""
8802,882e,18,2,1,,,""
882e,88f4,80,2,0,0x21,,""
88f4,8945,38,7,2,,,""
8945,897c,26,1,2,,,""
897c,89b1,30,1,0,,,""
89b1,89cc,17,7,0,,,""
89cc,89f4,24,1,0,,,""
89f4,8ad6,93,3,2,,,""
8ad6,8c01,121,4,3,,,""
8c01,8c30,20,1,1,,,""
8c30,8d33,98,1,1,,,""
8d33,8dd2,57,2,0,,,""
8dd2,8e5b,58,2,2,,,""
8e5b,8f3c,105,1,2,,,""
8f3c,8f76,29,1,1,,,""
8f76,8f98,18,2,1,,,""
8f98,8fb7,20,2,1,,,""
8fb7,8fd3,15,1,1,,,""
8fd3,9046,41,0,1,0x21,,""
9046,9059,8,2,0,,,""
9059,9108,74,1,1,0x21,,";C_FILE_INFO"
9108,911f,9,1,1,,,""
911f,914b,18,2,3,0x21,,""
914b,9164,10,1,0,0x21,,""
9164,9187,20,3,1,,,""
918d,91bb,21,1,0,,,""
91bb,9223,46,3,1,,,""
9223,958c,228,2,5,,,""
958c,964e,70,0,5,,,""
964e,97c3,138,0,7,,,""
97c3,9901,130,0,7,,,""
9901,992b,18,1,2,,,""
992b,9964,25,1,3,,,""
9964,9997,22,5,2,,,""
9997,99cc,22,4,3,,,""
99cc,99f3,16,4,1,,,""
99f3,9a0e,13,1,0,,,""
9a0e,9a3e,28,2,0,,,""
9a3e,9a67,21,3,1,0x21,,"herc"
9a67,9cf7,159,3,4,,,""
9cf7,9e2c,113,0,4,,,""
9e2c,9f10,81,0,3,,,"(null) | (null)"
9f10,9fb0,52,0,3,,,""
9fb0,9ff9,30,3,2,,,""
9ff9,a05e,42,2,2,,,""
a05e,a0c9,45,3,2,,,""
a0c9,a191,75,2,7,,,""
a191,a1b0,14,1,2,,,""
a1b0,a1e3,21,1,2,,,""
a1e3,a24e,48,1,1,,,""
a24e,a276,20,1,1,,,"+- #"
a276,a32d,90,1,2,,,""
a32d,a334,4,1,0,,,""
a334,a35b,21,1,0,,,""
a35b,a3c1,57,1,1,,,""
a3c1,a3f2,28,1,0,,,""
a3f2,a417,22,1,0,,,""
a417,a44e,24,1,0,,,""
a44e,a45b,6,1,0,0x21,,""
a45b,a4c9,53,1,1,0x21,,""
a4c9,a51f,39,1,0,0x21,,""
a51f,a535,10,21,0,,,""
a535,a538,1,2,1,,,""
a538,a55a,15,2,0,,,""
a55a,a59c,29,1,0,0x21,,""
a59c,a5a6,6,1,0,,,""
a5a6,a600,40,6,0,,,""
a600,a737,157,2,0,0x21,,"herc"
a737,a73d,2,1,0,,,""
a73d,a76e,25,0,1,,,""
a76e,a811,74,3,1,,,""
a811,a83d,21,4,0,,,""
a83d,a848,6,2,0,,,""
a848,a853,6,1,0,,,""
a853,a875,14,1,1,,,""
a875,a894,13,1,1,,,""
